-- MySQL dump 10.13  Distrib 5.7.17, for Win64 (x86_64)
--
-- Host: localhost    Database: scavtweets
-- ------------------------------------------------------
-- Server version	5.7.20-log

/*!40101 SET @OLD_CHARACTER_SET_CLIENT=@@CHARACTER_SET_CLIENT */;
/*!40101 SET @OLD_CHARACTER_SET_RESULTS=@@CHARACTER_SET_RESULTS */;
/*!40101 SET @OLD_COLLATION_CONNECTION=@@COLLATION_CONNECTION */;
/*!40101 SET NAMES utf8 */;
/*!40103 SET @OLD_TIME_ZONE=@@TIME_ZONE */;
/*!40103 SET TIME_ZONE='+00:00' */;
/*!40014 SET @OLD_UNIQUE_CHECKS=@@UNIQUE_CHECKS, UNIQUE_CHECKS=0 */;
/*!40014 SET @OLD_FOREIGN_KEY_CHECKS=@@FOREIGN_KEY_CHECKS, FOREIGN_KEY_CHECKS=0 */;
/*!40101 SET @OLD_SQL_MODE=@@SQL_MODE, SQL_MODE='NO_AUTO_VALUE_ON_ZERO' */;
/*!40111 SET @OLD_SQL_NOTES=@@SQL_NOTES, SQL_NOTES=0 */;

--
-- Table structure for table `result_12_1511108107000`
--

DROP TABLE IF EXISTS `result_12_1511108107000`;
/*!40101 SET @saved_cs_client     = @@character_set_client */;
/*!40101 SET character_set_client = utf8 */;
CREATE TABLE `result_12_1511108107000` (
  `Id` int(11) NOT NULL AUTO_INCREMENT,
  `Time` varchar(45) DEFAULT NULL,
  `Keyword` varchar(45) DEFAULT NULL,
  `Content` varchar(500) DEFAULT NULL,
  PRIMARY KEY (`Id`)
) ENGINE=InnoDB DEFAULT CHARSET=utf8;
/*!40101 SET character_set_client = @saved_cs_client */;

--
-- Dumping data for table `result_12_1511108107000`
--

LOCK TABLES `result_12_1511108107000` WRITE;
/*!40000 ALTER TABLE `result_12_1511108107000` DISABLE KEYS */;
/*!40000 ALTER TABLE `result_12_1511108107000` ENABLE KEYS */;
UNLOCK TABLES;

--
-- Table structure for table `result_12_1511152816000`
--

DROP TABLE IF EXISTS `result_12_1511152816000`;
/*!40101 SET @saved_cs_client     = @@character_set_client */;
/*!40101 SET character_set_client = utf8 */;
CREATE TABLE `result_12_1511152816000` (
  `Id` int(11) NOT NULL AUTO_INCREMENT,
  `Time` varchar(45) DEFAULT NULL,
  `Keyword` varchar(45) DEFAULT NULL,
  `Content` varchar(500) DEFAULT NULL,
  PRIMARY KEY (`Id`)
) ENGINE=InnoDB DEFAULT CHARSET=utf8;
/*!40101 SET character_set_client = @saved_cs_client */;

--
-- Dumping data for table `result_12_1511152816000`
--

LOCK TABLES `result_12_1511152816000` WRITE;
/*!40000 ALTER TABLE `result_12_1511152816000` DISABLE KEYS */;
/*!40000 ALTER TABLE `result_12_1511152816000` ENABLE KEYS */;
UNLOCK TABLES;

--
-- Table structure for table `result_12_1511152989000`
--

DROP TABLE IF EXISTS `result_12_1511152989000`;
/*!40101 SET @saved_cs_client     = @@character_set_client */;
/*!40101 SET character_set_client = utf8 */;
CREATE TABLE `result_12_1511152989000` (
  `Id` int(11) NOT NULL AUTO_INCREMENT,
  `Time` varchar(45) DEFAULT NULL,
  `Keyword` varchar(45) DEFAULT NULL,
  `Content` varchar(500) DEFAULT NULL,
  PRIMARY KEY (`Id`)
) ENGINE=InnoDB DEFAULT CHARSET=utf8;
/*!40101 SET character_set_client = @saved_cs_client */;

--
-- Dumping data for table `result_12_1511152989000`
--

LOCK TABLES `result_12_1511152989000` WRITE;
/*!40000 ALTER TABLE `result_12_1511152989000` DISABLE KEYS */;
/*!40000 ALTER TABLE `result_12_1511152989000` ENABLE KEYS */;
UNLOCK TABLES;

--
-- Table structure for table `result_12_1511191400000`
--

DROP TABLE IF EXISTS `result_12_1511191400000`;
/*!40101 SET @saved_cs_client     = @@character_set_client */;
/*!40101 SET character_set_client = utf8 */;
CREATE TABLE `result_12_1511191400000` (
  `Id` int(11) NOT NULL AUTO_INCREMENT,
  `Time` varchar(45) DEFAULT NULL,
  `Keyword` varchar(45) DEFAULT NULL,
  `Content` varchar(500) DEFAULT NULL,
  PRIMARY KEY (`Id`)
) ENGINE=InnoDB DEFAULT CHARSET=utf8;
/*!40101 SET character_set_client = @saved_cs_client */;

--
-- Dumping data for table `result_12_1511191400000`
--

LOCK TABLES `result_12_1511191400000` WRITE;
/*!40000 ALTER TABLE `result_12_1511191400000` DISABLE KEYS */;
/*!40000 ALTER TABLE `result_12_1511191400000` ENABLE KEYS */;
UNLOCK TABLES;

--
-- Table structure for table `result_12_1511377521000`
--

DROP TABLE IF EXISTS `result_12_1511377521000`;
/*!40101 SET @saved_cs_client     = @@character_set_client */;
/*!40101 SET character_set_client = utf8 */;
CREATE TABLE `result_12_1511377521000` (
  `Id` int(11) NOT NULL AUTO_INCREMENT,
  `Time` varchar(45) DEFAULT NULL,
  `Keyword` varchar(45) DEFAULT NULL,
  `Content` varchar(500) DEFAULT NULL,
  PRIMARY KEY (`Id`)
) ENGINE=InnoDB DEFAULT CHARSET=utf8;
/*!40101 SET character_set_client = @saved_cs_client */;

--
-- Dumping data for table `result_12_1511377521000`
--

LOCK TABLES `result_12_1511377521000` WRITE;
/*!40000 ALTER TABLE `result_12_1511377521000` DISABLE KEYS */;
/*!40000 ALTER TABLE `result_12_1511377521000` ENABLE KEYS */;
UNLOCK TABLES;

--
-- Table structure for table `result_12_1511378759000`
--

DROP TABLE IF EXISTS `result_12_1511378759000`;
/*!40101 SET @saved_cs_client     = @@character_set_client */;
/*!40101 SET character_set_client = utf8 */;
CREATE TABLE `result_12_1511378759000` (
  `Id` int(11) NOT NULL AUTO_INCREMENT,
  `Time` varchar(45) DEFAULT NULL,
  `Keyword` varchar(45) DEFAULT NULL,
  `Content` varchar(500) DEFAULT NULL,
  PRIMARY KEY (`Id`)
) ENGINE=InnoDB DEFAULT CHARSET=utf8;
/*!40101 SET character_set_client = @saved_cs_client */;

--
-- Dumping data for table `result_12_1511378759000`
--

LOCK TABLES `result_12_1511378759000` WRITE;
/*!40000 ALTER TABLE `result_12_1511378759000` DISABLE KEYS */;
/*!40000 ALTER TABLE `result_12_1511378759000` ENABLE KEYS */;
UNLOCK TABLES;

--
-- Table structure for table `result_12_1511424655000`
--

DROP TABLE IF EXISTS `result_12_1511424655000`;
/*!40101 SET @saved_cs_client     = @@character_set_client */;
/*!40101 SET character_set_client = utf8 */;
CREATE TABLE `result_12_1511424655000` (
  `Id` int(11) NOT NULL AUTO_INCREMENT,
  `Time` varchar(45) DEFAULT NULL,
  `Keyword` varchar(45) DEFAULT NULL,
  `Content` varchar(500) DEFAULT NULL,
  PRIMARY KEY (`Id`)
) ENGINE=InnoDB DEFAULT CHARSET=utf8;
/*!40101 SET character_set_client = @saved_cs_client */;

--
-- Dumping data for table `result_12_1511424655000`
--

LOCK TABLES `result_12_1511424655000` WRITE;
/*!40000 ALTER TABLE `result_12_1511424655000` DISABLE KEYS */;
/*!40000 ALTER TABLE `result_12_1511424655000` ENABLE KEYS */;
UNLOCK TABLES;

--
-- Table structure for table `result_14_1511153001000`
--

DROP TABLE IF EXISTS `result_14_1511153001000`;
/*!40101 SET @saved_cs_client     = @@character_set_client */;
/*!40101 SET character_set_client = utf8 */;
CREATE TABLE `result_14_1511153001000` (
  `Id` int(11) NOT NULL AUTO_INCREMENT,
  `Time` varchar(45) DEFAULT NULL,
  `Keyword` varchar(45) DEFAULT NULL,
  `Content` varchar(500) DEFAULT NULL,
  PRIMARY KEY (`Id`)
) ENGINE=InnoDB DEFAULT CHARSET=utf8;
/*!40101 SET character_set_client = @saved_cs_client */;

--
-- Dumping data for table `result_14_1511153001000`
--

LOCK TABLES `result_14_1511153001000` WRITE;
/*!40000 ALTER TABLE `result_14_1511153001000` DISABLE KEYS */;
/*!40000 ALTER TABLE `result_14_1511153001000` ENABLE KEYS */;
UNLOCK TABLES;

--
-- Table structure for table `result_14_1511193610000`
--

DROP TABLE IF EXISTS `result_14_1511193610000`;
/*!40101 SET @saved_cs_client     = @@character_set_client */;
/*!40101 SET character_set_client = utf8 */;
CREATE TABLE `result_14_1511193610000` (
  `Id` int(11) NOT NULL AUTO_INCREMENT,
  `Time` varchar(45) DEFAULT NULL,
  `Keyword` varchar(45) DEFAULT NULL,
  `Content` varchar(500) DEFAULT NULL,
  PRIMARY KEY (`Id`)
) ENGINE=InnoDB DEFAULT CHARSET=utf8;
/*!40101 SET character_set_client = @saved_cs_client */;

--
-- Dumping data for table `result_14_1511193610000`
--

LOCK TABLES `result_14_1511193610000` WRITE;
/*!40000 ALTER TABLE `result_14_1511193610000` DISABLE KEYS */;
/*!40000 ALTER TABLE `result_14_1511193610000` ENABLE KEYS */;
UNLOCK TABLES;

--
-- Table structure for table `result_14_1511193763000`
--

DROP TABLE IF EXISTS `result_14_1511193763000`;
/*!40101 SET @saved_cs_client     = @@character_set_client */;
/*!40101 SET character_set_client = utf8 */;
CREATE TABLE `result_14_1511193763000` (
  `Id` int(11) NOT NULL AUTO_INCREMENT,
  `Time` varchar(45) DEFAULT NULL,
  `Keyword` varchar(45) DEFAULT NULL,
  `Content` varchar(500) DEFAULT NULL,
  PRIMARY KEY (`Id`)
) ENGINE=InnoDB DEFAULT CHARSET=utf8;
/*!40101 SET character_set_client = @saved_cs_client */;

--
-- Dumping data for table `result_14_1511193763000`
--

LOCK TABLES `result_14_1511193763000` WRITE;
/*!40000 ALTER TABLE `result_14_1511193763000` DISABLE KEYS */;
/*!40000 ALTER TABLE `result_14_1511193763000` ENABLE KEYS */;
UNLOCK TABLES;

--
-- Table structure for table `result_14_1511194333000`
--

DROP TABLE IF EXISTS `result_14_1511194333000`;
/*!40101 SET @saved_cs_client     = @@character_set_client */;
/*!40101 SET character_set_client = utf8 */;
CREATE TABLE `result_14_1511194333000` (
  `Id` int(11) NOT NULL AUTO_INCREMENT,
  `Time` varchar(45) DEFAULT NULL,
  `Keyword` varchar(45) DEFAULT NULL,
  `Content` varchar(500) DEFAULT NULL,
  PRIMARY KEY (`Id`)
) ENGINE=InnoDB DEFAULT CHARSET=utf8;
/*!40101 SET character_set_client = @saved_cs_client */;

--
-- Dumping data for table `result_14_1511194333000`
--

LOCK TABLES `result_14_1511194333000` WRITE;
/*!40000 ALTER TABLE `result_14_1511194333000` DISABLE KEYS */;
/*!40000 ALTER TABLE `result_14_1511194333000` ENABLE KEYS */;
UNLOCK TABLES;

--
-- Table structure for table `result_14_1511194812000`
--

DROP TABLE IF EXISTS `result_14_1511194812000`;
/*!40101 SET @saved_cs_client     = @@character_set_client */;
/*!40101 SET character_set_client = utf8 */;
CREATE TABLE `result_14_1511194812000` (
  `Id` int(11) NOT NULL AUTO_INCREMENT,
  `Time` varchar(45) DEFAULT NULL,
  `Keyword` varchar(45) DEFAULT NULL,
  `Content` varchar(500) DEFAULT NULL,
  PRIMARY KEY (`Id`)
) ENGINE=InnoDB DEFAULT CHARSET=utf8;
/*!40101 SET character_set_client = @saved_cs_client */;

--
-- Dumping data for table `result_14_1511194812000`
--

LOCK TABLES `result_14_1511194812000` WRITE;
/*!40000 ALTER TABLE `result_14_1511194812000` DISABLE KEYS */;
/*!40000 ALTER TABLE `result_14_1511194812000` ENABLE KEYS */;
UNLOCK TABLES;

--
-- Table structure for table `result_14_1511215262000`
--

DROP TABLE IF EXISTS `result_14_1511215262000`;
/*!40101 SET @saved_cs_client     = @@character_set_client */;
/*!40101 SET character_set_client = utf8 */;
CREATE TABLE `result_14_1511215262000` (
  `Id` int(11) NOT NULL AUTO_INCREMENT,
  `Time` varchar(45) NOT NULL,
  `Keyword` varchar(45) NOT NULL,
  `Content` varchar(500) NOT NULL,
  PRIMARY KEY (`Id`)
) ENGINE=InnoDB AUTO_INCREMENT=5 DEFAULT CHARSET=utf8;
/*!40101 SET character_set_client = @saved_cs_client */;

--
-- Dumping data for table `result_14_1511215262000`
--

LOCK TABLES `result_14_1511215262000` WRITE;
/*!40000 ALTER TABLE `result_14_1511215262000` DISABLE KEYS */;
INSERT INTO `result_14_1511215262000` VALUES (1,'','',''),(2,'','',''),(3,'today','beef','nice beef'),(4,'today','beef','nice beef');
/*!40000 ALTER TABLE `result_14_1511215262000` ENABLE KEYS */;
UNLOCK TABLES;

--
-- Table structure for table `result_14_1511215439000`
--

DROP TABLE IF EXISTS `result_14_1511215439000`;
/*!40101 SET @saved_cs_client     = @@character_set_client */;
/*!40101 SET character_set_client = utf8 */;
CREATE TABLE `result_14_1511215439000` (
  `Id` int(11) NOT NULL AUTO_INCREMENT,
  `Time` varchar(45) DEFAULT NULL,
  `Keyword` varchar(45) DEFAULT NULL,
  `Content` varchar(500) DEFAULT NULL,
  PRIMARY KEY (`Id`)
) ENGINE=InnoDB DEFAULT CHARSET=utf8;
/*!40101 SET character_set_client = @saved_cs_client */;

--
-- Dumping data for table `result_14_1511215439000`
--

LOCK TABLES `result_14_1511215439000` WRITE;
/*!40000 ALTER TABLE `result_14_1511215439000` DISABLE KEYS */;
/*!40000 ALTER TABLE `result_14_1511215439000` ENABLE KEYS */;
UNLOCK TABLES;

--
-- Table structure for table `result_14_1511215722000`
--

DROP TABLE IF EXISTS `result_14_1511215722000`;
/*!40101 SET @saved_cs_client     = @@character_set_client */;
/*!40101 SET character_set_client = utf8 */;
CREATE TABLE `result_14_1511215722000` (
  `Id` int(11) NOT NULL AUTO_INCREMENT,
  `Time` varchar(45) DEFAULT NULL,
  `Keyword` varchar(45) DEFAULT NULL,
  `Content` varchar(500) DEFAULT NULL,
  PRIMARY KEY (`Id`)
) ENGINE=InnoDB DEFAULT CHARSET=utf8;
/*!40101 SET character_set_client = @saved_cs_client */;

--
-- Dumping data for table `result_14_1511215722000`
--

LOCK TABLES `result_14_1511215722000` WRITE;
/*!40000 ALTER TABLE `result_14_1511215722000` DISABLE KEYS */;
/*!40000 ALTER TABLE `result_14_1511215722000` ENABLE KEYS */;
UNLOCK TABLES;

--
-- Table structure for table `result_14_1511216024000`
--

DROP TABLE IF EXISTS `result_14_1511216024000`;
/*!40101 SET @saved_cs_client     = @@character_set_client */;
/*!40101 SET character_set_client = utf8 */;
CREATE TABLE `result_14_1511216024000` (
  `Id` int(11) NOT NULL AUTO_INCREMENT,
  `Time` varchar(45) DEFAULT NULL,
  `Keyword` varchar(45) DEFAULT NULL,
  `Content` varchar(500) DEFAULT NULL,
  PRIMARY KEY (`Id`)
) ENGINE=InnoDB DEFAULT CHARSET=utf8;
/*!40101 SET character_set_client = @saved_cs_client */;

--
-- Dumping data for table `result_14_1511216024000`
--

LOCK TABLES `result_14_1511216024000` WRITE;
/*!40000 ALTER TABLE `result_14_1511216024000` DISABLE KEYS */;
/*!40000 ALTER TABLE `result_14_1511216024000` ENABLE KEYS */;
UNLOCK TABLES;

--
-- Table structure for table `result_14_1511216182000`
--

DROP TABLE IF EXISTS `result_14_1511216182000`;
/*!40101 SET @saved_cs_client     = @@character_set_client */;
/*!40101 SET character_set_client = utf8 */;
CREATE TABLE `result_14_1511216182000` (
  `Id` int(11) NOT NULL AUTO_INCREMENT,
  `Time` varchar(45) DEFAULT NULL,
  `Keyword` varchar(45) DEFAULT NULL,
  `Content` varchar(500) DEFAULT NULL,
  PRIMARY KEY (`Id`)
) ENGINE=InnoDB DEFAULT CHARSET=utf8;
/*!40101 SET character_set_client = @saved_cs_client */;

--
-- Dumping data for table `result_14_1511216182000`
--

LOCK TABLES `result_14_1511216182000` WRITE;
/*!40000 ALTER TABLE `result_14_1511216182000` DISABLE KEYS */;
/*!40000 ALTER TABLE `result_14_1511216182000` ENABLE KEYS */;
UNLOCK TABLES;

--
-- Table structure for table `result_14_1511216392000`
--

DROP TABLE IF EXISTS `result_14_1511216392000`;
/*!40101 SET @saved_cs_client     = @@character_set_client */;
/*!40101 SET character_set_client = utf8 */;
CREATE TABLE `result_14_1511216392000` (
  `Id` int(11) NOT NULL AUTO_INCREMENT,
  `Time` varchar(45) DEFAULT NULL,
  `Keyword` varchar(45) DEFAULT NULL,
  `Content` varchar(500) DEFAULT NULL,
  PRIMARY KEY (`Id`)
) ENGINE=InnoDB AUTO_INCREMENT=3 DEFAULT CHARSET=utf8;
/*!40101 SET character_set_client = @saved_cs_client */;

--
-- Dumping data for table `result_14_1511216392000`
--

LOCK TABLES `result_14_1511216392000` WRITE;
/*!40000 ALTER TABLE `result_14_1511216392000` DISABLE KEYS */;
INSERT INTO `result_14_1511216392000` VALUES (1,NULL,NULL,NULL),(2,NULL,NULL,NULL);
/*!40000 ALTER TABLE `result_14_1511216392000` ENABLE KEYS */;
UNLOCK TABLES;

--
-- Table structure for table `result_14_1511217295000`
--

DROP TABLE IF EXISTS `result_14_1511217295000`;
/*!40101 SET @saved_cs_client     = @@character_set_client */;
/*!40101 SET character_set_client = utf8 */;
CREATE TABLE `result_14_1511217295000` (
  `Id` int(11) NOT NULL AUTO_INCREMENT,
  `Time` varchar(45) DEFAULT NULL,
  `Keyword` varchar(45) DEFAULT NULL,
  `Content` varchar(500) DEFAULT NULL,
  PRIMARY KEY (`Id`)
) ENGINE=InnoDB AUTO_INCREMENT=2 DEFAULT CHARSET=utf8;
/*!40101 SET character_set_client = @saved_cs_client */;

--
-- Dumping data for table `result_14_1511217295000`
--

LOCK TABLES `result_14_1511217295000` WRITE;
/*!40000 ALTER TABLE `result_14_1511217295000` DISABLE KEYS */;
INSERT INTO `result_14_1511217295000` VALUES (1,'MonNov2017:35:01EST2017','date','mikeopseu : MonNov2017:35:01EST2017 : RT @Prof_Savage: #OFL has spent $465k to date on its #MakeItFair campaign for $15 and Fairness. #powerON #canlab #onpoli https://t.co/3cAhC…');
/*!40000 ALTER TABLE `result_14_1511217295000` ENABLE KEYS */;
UNLOCK TABLES;

--
-- Table structure for table `result_14_1511580626000`
--

DROP TABLE IF EXISTS `result_14_1511580626000`;
/*!40101 SET @saved_cs_client     = @@character_set_client */;
/*!40101 SET character_set_client = utf8 */;
CREATE TABLE `result_14_1511580626000` (
  `Id` int(11) NOT NULL AUTO_INCREMENT,
  `Time` varchar(45) DEFAULT NULL,
  `Keyword` varchar(45) DEFAULT NULL,
  `Content` varchar(500) DEFAULT NULL,
  PRIMARY KEY (`Id`)
) ENGINE=InnoDB AUTO_INCREMENT=6 DEFAULT CHARSET=utf8;
/*!40101 SET character_set_client = @saved_cs_client */;

--
-- Dumping data for table `result_14_1511580626000`
--

LOCK TABLES `result_14_1511580626000` WRITE;
/*!40000 ALTER TABLE `result_14_1511580626000` DISABLE KEYS */;
INSERT INTO `result_14_1511580626000` VALUES (1,'2017-11-22 21:25:48','Windsor','1'),(2,'2017-11-22 21:25:48','Windsor','2'),(3,'2017-11-22 21:25:48','Windsor','3'),(4,'2017-11-22 21:25:48','Windsor','4'),(5,'21:25:48','Windsor','5');
/*!40000 ALTER TABLE `result_14_1511580626000` ENABLE KEYS */;
UNLOCK TABLES;

--
-- Table structure for table `result_14_1512697547000`
--

DROP TABLE IF EXISTS `result_14_1512697547000`;
/*!40101 SET @saved_cs_client     = @@character_set_client */;
/*!40101 SET character_set_client = utf8 */;
CREATE TABLE `result_14_1512697547000` (
  `Id` int(11) NOT NULL AUTO_INCREMENT,
  `Time` varchar(45) DEFAULT NULL,
  `Keyword` varchar(45) DEFAULT NULL,
  `Content` varchar(500) DEFAULT NULL,
  PRIMARY KEY (`Id`)
) ENGINE=InnoDB DEFAULT CHARSET=utf8;
/*!40101 SET character_set_client = @saved_cs_client */;

--
-- Dumping data for table `result_14_1512697547000`
--

LOCK TABLES `result_14_1512697547000` WRITE;
/*!40000 ALTER TABLE `result_14_1512697547000` DISABLE KEYS */;
/*!40000 ALTER TABLE `result_14_1512697547000` ENABLE KEYS */;
UNLOCK TABLES;

--
-- Table structure for table `search`
--

DROP TABLE IF EXISTS `search`;
/*!40101 SET @saved_cs_client     = @@character_set_client */;
/*!40101 SET character_set_client = utf8 */;
CREATE TABLE `search` (
  `Id` int(11) NOT NULL AUTO_INCREMENT,
  `Region` varchar(45) DEFAULT NULL,
  `Start_time` varchar(45) DEFAULT NULL,
  `End_time` varchar(45) DEFAULT NULL,
  `Term` varchar(100) DEFAULT NULL,
  `Result_id` varchar(100) NOT NULL,
  `User_id` int(11) NOT NULL,
  `Name` varchar(45) DEFAULT NULL,
  PRIMARY KEY (`Id`),
  UNIQUE KEY `Id_UNIQUE` (`Id`),
  UNIQUE KEY `Result_id_UNIQUE` (`Result_id`),
  KEY `Id_idx` (`User_id`),
  CONSTRAINT `search$Userid_user$id` FOREIGN KEY (`User_id`) REFERENCES `user` (`Id`) ON DELETE NO ACTION ON UPDATE NO ACTION
) ENGINE=InnoDB AUTO_INCREMENT=26 DEFAULT CHARSET=utf8;
/*!40101 SET character_set_client = @saved_cs_client */;

--
-- Dumping data for table `search`
--

LOCK TABLES `search` WRITE;
/*!40000 ALTER TABLE `search` DISABLE KEYS */;
INSERT INTO `search` VALUES (1,'NY','1511116057','1511119057','#NY','123',12,'TestSearch'),(2,'Windsor','2017-11-19 21:07:16','2017-11-22 21:25:48','testSearch','result_12_1511143636000',12,'#NY;#BlackFriday;'),(3,'1231','2017-11-22 14:25:59','2017-11-29 21:30:59','123','result_12_1511378759000',12,'123;'),(4,'12312','2017-11-23 03:10:55','2017-11-30 15:30:55','321312','result_12_1511424655000',12,'123123;'),(6,'windsor','2017-11-22 14:05:21','2017-11-30 23:25:21','test111','result_12_1511377521000',12,'young;'),(7,'123','2017-11-19 11:15:07','2017-11-25 16:30:07','youngTest','result_12_1511108107000',12,'young;'),(8,'123','2017-11-24 22:30:26','2017-11-30 21:50:26','filamentTest','result_14_1511580626000',14,'filament;'),(9,'12321','2017-11-19 23:40:16','2017-11-30 15:30:04','123123','result_12_1511152816000',12,'computer;'),(10,'123','2017-11-19 23:43:21','2017-11-23 21:50:58','filamentTest','result_14_1511153001000',14,'filament;'),(11,'123','2017-11-19 23:43:09','2017-11-30 14:25:01','science','result_12_1511152989000',12,'science;'),(12,'Windsor','2017-11-20 10:23:20','2017-11-23 14:25:46','happinessTest','result_12_1511191400000',12,'happiness;'),(13,'windsor','2017-11-20 11:02:43','2017-11-23 15:30:34','test','result_14_1511193763000',14,'hello;'),(14,'toronto','2017-11-20 11:00:10','2017-11-20 11:05:10','lkj','result_14_1511193610000',14,'university;'),(15,'wwww','2017-11-20 11:12:13','2017-11-30 14:25:52','qwe','result_14_1511194333000',14,'victim;'),(16,'windsor','2017-11-20 11:20:12','2017-11-23 09:10:36','qweqwe','result_14_1511194812000',14,'Charles;'),(18,'PINOF','2017-11-20 17:01:02','2017-11-23 17:05:49','PINOF','result_14_1511215262000',14,'PINOF;'),(19,'date','2017-11-20 17:03:59','2017-11-24 15:30:56','date','result_14_1511215439000',14,'date;'),(20,'date','2017-11-20 17:08:42','2017-11-29 14:25:29','date','result_14_1511215722000',14,'date;'),(21,'PINOF','2017-11-20 17:13:44','2017-11-24 15:30:37','PINOF_2','result_14_1511216024000',14,'PINOF;'),(22,'date','2017-11-20 17:16:22','2017-11-22 14:25:00','date_2','result_14_1511216182000',14,'date;'),(23,'date','2017-11-20 17:19:52','2017-11-23 17:25:40','date_3','result_14_1511216392000',14,'date;'),(24,'date','2017-11-20 17:34:55','2017-11-30 14:25:46','date_4','result_14_1511217295000',14,'date;'),(25,'qwe','2017-12-07 20:45:47','2017-12-08 21:50:47','is','result_14_1512697547000',14,'is;');
/*!40000 ALTER TABLE `search` ENABLE KEYS */;
UNLOCK TABLES;

--
-- Table structure for table `search_result`
--

DROP TABLE IF EXISTS `search_result`;
/*!40101 SET @saved_cs_client     = @@character_set_client */;
/*!40101 SET character_set_client = utf8 */;
CREATE TABLE `search_result` (
  `Id` int(11) NOT NULL AUTO_INCREMENT,
  `Search_id` int(11) NOT NULL,
  `Result_id` int(11) NOT NULL,
  PRIMARY KEY (`Id`),
  UNIQUE KEY `Id_UNIQUE` (`Id`),
  UNIQUE KEY `Search_id_UNIQUE` (`Search_id`),
  UNIQUE KEY `Result_id_UNIQUE` (`Result_id`),
  CONSTRAINT `Search_id` FOREIGN KEY (`Search_id`) REFERENCES `search` (`Id`) ON DELETE NO ACTION ON UPDATE NO ACTION
) ENGINE=InnoDB DEFAULT CHARSET=utf8;
/*!40101 SET character_set_client = @saved_cs_client */;

--
-- Dumping data for table `search_result`
--

LOCK TABLES `search_result` WRITE;
/*!40000 ALTER TABLE `search_result` DISABLE KEYS */;
/*!40000 ALTER TABLE `search_result` ENABLE KEYS */;
UNLOCK TABLES;

--
-- Table structure for table `user`
--

DROP TABLE IF EXISTS `user`;
/*!40101 SET @saved_cs_client     = @@character_set_client */;
/*!40101 SET character_set_client = utf8 */;
CREATE TABLE `user` (
  `Id` int(11) NOT NULL AUTO_INCREMENT,
  `Username` varchar(45) NOT NULL,
  `Password` varchar(45) NOT NULL,
  `Register_date` date DEFAULT NULL,
  `Last_login_date` date DEFAULT NULL,
  PRIMARY KEY (`Id`),
  UNIQUE KEY `Username_UNIQUE` (`Username`),
  UNIQUE KEY `Id_UNIQUE` (`Id`)
) ENGINE=InnoDB AUTO_INCREMENT=15 DEFAULT CHARSET=utf8;
/*!40101 SET character_set_client = @saved_cs_client */;

--
-- Dumping data for table `user`
--

LOCK TABLES `user` WRITE;
/*!40000 ALTER TABLE `user` DISABLE KEYS */;
INSERT INTO `user` VALUES (8,'testusername','testpassword',NULL,'2017-11-18'),(12,'12','21','2017-11-19','2017-11-20'),(13,'321','321','2017-11-19','2017-11-19'),(14,'13','13','2017-11-19','2017-11-20');
/*!40000 ALTER TABLE `user` ENABLE KEYS */;
UNLOCK TABLES;
/*!40103 SET TIME_ZONE=@OLD_TIME_ZONE */;

/*!40101 SET SQL_MODE=@OLD_SQL_MODE */;
/*!40014 SET FOREIGN_KEY_CHECKS=@OLD_FOREIGN_KEY_CHECKS */;
/*!40014 SET UNIQUE_CHECKS=@OLD_UNIQUE_CHECKS */;
/*!40101 SET CHARACTER_SET_CLIENT=@OLD_CHARACTER_SET_CLIENT */;
/*!40101 SET CHARACTER_SET_RESULTS=@OLD_CHARACTER_SET_RESULTS */;
/*!40101 SET COLLATION_CONNECTION=@OLD_COLLATION_CONNECTION */;
/*!40111 SET SQL_NOTES=@OLD_SQL_NOTES */;

-- Dump completed on 2017-11-20 19:32:24
